adjective	document	0
adrenaline	integer	0
adult	anaesthetist	0
adult	gent	0
adult	instrument	0
adult	librarian	0
adult	nanny	0
adult	physician	0
adult	tree	0
advocate	spokeswoman	0
affection	organization	0
agony	adult	0
agony	anaesthetist	0
agony	decoration	0
agreement	rector	0
aircraft	astronomy	0
aircraft	biplane	0
aircraft	bomber	0
aircraft	insect	0
aircraft	letter	0
aircrew	playlist	0
airman	sociology	0
airplane	bomber	0
airplane	chalet	0
alcohol	container	0
alcohol	hotel	0
alcohol	liqueur	0
alcohol	psychology	0
alga	garment	0
algebra	athlete	0
algebra	potato	0
alloy	bronze	0
ancestor	motto	0
anger	lizard	0
animal	affidavit	0
animal	artillery	0
animal	bitterness	0
animal	bug	0
animal	bull	0
animal	calf	0
animal	cameraman	0
animal	chick	0
animal	color	0
animal	crow	0
animal	diabetes	0
animal	dorm	0
animal	feeder	0
animal	funeral	0
animal	furniture	0
animal	gasoline	0
animal	hawk	0
animal	immigration	0
animal	invertebrate	0
animal	kangaroo	0
animal	kestrel	0
animal	kickoff	0
animal	lamb	0
animal	lion	0
animal	maggot	0
animal	magpie	0
animal	organization	0
animal	panda	0
animal	psychotherapy	0
animal	python	0
animal	receptionist	0
animal	reindeer	0
animal	reptile	0
animal	robin	0
animal	ship	0
animal	snake	0
animal	toad	0
animal	turkey	0
animal	vertebrate	0
animal	vial	0
animal	waterfowl	0
anniversary	lingerie	0
anorexia	fixture	0
ant	spokeswoman	0
antibiotic	penicillin	0
antibody	nematode	0
apathy	magnitude	0
apathy	mammal	0
ape	book	0
apprehension	bird	0
apprehension	offspring	0
apprehension	skating	0
aqueduct	pianist	0
archbishop	garment	0
area	cameraman	0
aristocrat	baroness	0
aristocrat	relative	0
armament	cannon	0
armament	people	0
army	waterfowl	0
art	beard	0
art	cost	0
art	serpent	0
artillery	cannon	0
artist	beverage	0
artwork	integer	0
asp	invertebrate	0
asp	workplace	0
asthma	motel	0
asthma	tissue	0
athlete	cricketer	0
athlete	dancer	0
athlete	filly	0
athlete	spokeswoman	0
athlete	swimmer	0
attack	animal	0
attitude	bookshop	0
auto	trait	0
autobiography	feeling	0
badminton	kettle	0
bag	collagen	0
bag	review	0
bag	rucksack	0
bamboo	bear	0
ban	performer	0
baritone	adrenaline	0
barrier	fender	0
barrier	gate	0
barrier	psychotherapy	0
bead	decoration	0
bead	performer	0
bear	webcam	0
bed	insect	0
beech	artillery	0
beer	machine	0
beer	railway	0
benzene	cottage	0
benzene	tent	0
berry	diplomat	0
beverage	art	0
beverage	beer	0
beverage	list	0
beverage	panda	0
beverage	sherry	0
beverage	strut	0
beverage	symbol	0
beverage	tea	0
beverage	vehicle	0
beverage	whisky	0
bib	herb	0
bike	gate	0
bin	mail	0
binder	disease	0
binder	notary	0
binder	performer	0
bingo	fluid	0
biochemistry	enzymology	0
biplane	ale	0
bird	chick	0
bird	cookie	0
bird	disorder	0
bird	eagle	0
bird	entertainer	0
bird	freeway	0
bird	hawk	0
bird	penguin	0
bird	seabird	0
bird	snake	0
bird	turkey	0
bird	woman	0
bird	woodpecker	0
bishop	cardinal	0
bishop	valley	0
boar	spokesperson	0
boat	chair	0
boat	cost	0
boat	dinghy	0
boat	pontoon	0
boat	reformer	0
bonnet	hamster	0
bonnet	vehicle	0
book	fruit	0
bookmark	performer	0
border	feeling	0
bottle	throne	0
bourgeoisie	association	0
bourgeoisie	fabric	0
bowling	clothing	0
bread	toast	0
breeze	heroism	0
breeze	physiology	0
buggy	garment	0
building	castle	0
building	craftsman	0
building	envy	0
building	instrument	0
building	mosque	0
building	motel	0
building	observatory	0
building	potato	0
building	shrine	0
building	theater	0
building	transaction	0
bull	highway	0
bureau	leaf	0
business	disease	0
business	meal	0
businessman	tycoon	0
butterfly	vertebrate	0
cabbage	aspirin	0
cabbage	toast	0
calculation	temperature	0
calf	worker	0
camera	clinician	0
camera	magistrate	0
campsite	discipline	0
campsite	disease	0
cancer	drug	0
cancer	drummer	0
cancer	melanoma	0
cancer	mesothelioma	0
cannon	tree	0
captivity	internment	0
car	limousine	0
car	sedan	0
carbohydrate	cellulose	0
carbonate	worker	0
carcinoma	granny	0
care	radiotherapy	0
caring	bacterium	0
carnivore	dog	0
carnivore	ferret	0
carnivore	glider	0
cassette	therapy	0
cat	drone	0
cat	locomotive	0
catcher	psoriasis	0
caterpillar	aesthetic	0
cellist	puppy	0
cellist	vehicle	0
cellulose	mineral	0
ceremony	initiation	0
chair	armchair	0
chamber	animal	0
chamber	house	0
chamber	objectivity	0
champagne	batsman	0
champagne	etching	0
chancellor	basket	0
chant	boss	0
cheese	kettle	0
chemical	benzene	0
chemical	carbonate	0
chemical	food	0
chemical	rat	0
chemistry	liquid	0
chemotherapy	rum	0
chick	seed	0
chick	smuggler	0
child	sherry	0
church	fence	0
classroom	music	0
cleaning	animal	0
cleaning	shaving	0
clergyman	archbishop	0
clergyman	vicar	0
clinician	software	0
clothing	denim	0
clothing	karaoke	0
clothing	kilt	0
clothing	shirt	0
clothing	tie	0
clubhouse	poem	0
coaching	chart	0
cockroach	alcohol	0
cocktail	affection	0
collagen	shopkeeper	0
collection	parasite	0
color	green	0
color	record	0
combustion	blaze	0
commerce	importation	0
commodity	annals	0
commodity	car	0
commodity	dryer	0
commodity	geek	0
commodity	kilt	0
commodity	staple	0
commodity	stocking	0
commodity	sweater	0
communicator	cradle	0
communicator	storyteller	0
communicator	writer	0
compensation	publication	0
competitiveness	dentistry	0
competitiveness	screenwriter	0
competitiveness	tumor	0
computer	catastrophe	0
computer	laptop	0
computer	pc	0
computer	vertebrate	0
concept	gastropod	0
condominium	gymnasium	0
conduit	aqueduct	0
conduit	writer	0
conservatism	mesothelioma	0
consistency	fly	0
consistency	hardness	0
consumer	drinker	0
container	disease	0
container	garment	0
container	kettle	0
container	lamb	0
container	pc	0
container	pouch	0
container	room	0
container	spokeswoman	0
container	spoon	0
container	teacher	0
container	technician	0
container	terminal	0
container	tip	0
contest	final	0
contest	vertebrate	0
contestant	building	0
contestant	winner	0
contract	musician	0
contractor	declaration	0
cook	point	0
cosmology	relief	0
cost	overhead	0
cost	vegetable	0
counterattack	seafood	0
coupe	pc	0
covenant	vehicle	0
cow	chocolate	0
crab	illness	0
cradle	airplane	0
crew	aircrew	0
criminal	bird	0
criminal	documentary	0
criminal	drone	0
criminology	sherry	0
crusade	therapy	0
crystal	ice	0
crystal	leader	0
crystal	malaria	0
crystal	turquoise	0
curve	feeling	0
curve	publication	0
curve	spiral	0
dad	animal	0
dad	milk	0
dagger	dolphin	0
dancer	autobiography	0
dart	motorway	0
day	tomorrow	0
dealership	terrier	0
dean	signal	0
deer	aromatherapy	0
dentistry	piracy	0
depth	roadway	0
dermatitis	tumor	0
descendent	housing	0
diabetes	corridor	0
diabetes	furniture	0
digit	iv	0
digit	ix	0
dimension	castle	0
dioxide	military	0
dioxin	package	0
diplomat	ambassador	0
disability	hare	0
disability	math	0
discipline	acoustics	0
discipline	anatomy	0
discipline	ceremony	0
discipline	geology	0
discipline	geometry	0
discipline	housing	0
discipline	limb	0
discipline	logic	0
discipline	neuroscience	0
discipline	pharmacy	0
discipline	psychotherapy	0
disease	animal	0
disease	colt	0
disease	diabetes	0
disease	flu	0
disease	gall	0
disease	herpes	0
disease	housing	0
disease	lupus	0
disease	worm	0
dish	integer	0
disorder	hysteria	0
disorder	insomnia	0
disorder	laboratory	0
disorder	symbol	0
doctrine	aesthetic	0
doctrine	privateer	0
document	affidavit	0
document	covenant	0
document	deity	0
document	solid	0
dog	annals	0
dog	bulldog	0
dog	greyhound	0
dog	kingfisher	0
dog	word	0
dogma	ship	0
dove	people	0
dragonfly	oil	0
drift	economist	0
drug	anaesthetic	0
drug	benzodiazepine	0
drug	hall	0
drug	jurisprudence	0
drummer	tree	0
dryer	cottage	0
dryer	parent	0
dwelling	chateau	0
dwelling	convent	0
dwelling	conversion	0
dyke	vertebrate	0
eagle	tip	0
eater	vegan	0
ecstasy	sport	0
editor	movie	0
eel	kingfisher	0
electrician	granny	0
electronics	professional	0
emotion	anger	0
emotion	animosity	0
emotion	displeasure	0
emotion	fright	0
emotion	resentment	0
empress	chemical	0
enclosure	cage	0
encyclopedia	ale	0
end	inn	0
endurance	reindeer	0
energy	heat	0
entertainer	artiste	0
entertainer	biologist	0
entertainer	cellist	0
entertainer	comic	0
entertainer	leg	0
entertainer	penguin	0
entertainer	piper	0
entertainer	trumpeter	0
entertainer	warbler	0
environmentalist	entertainer	0
enzyme	animal	0
enzyme	chick	0
equipment	attorney	0
equipment	camera	0
equipment	parachute	0
equipment	princess	0
equipment	reel	0
equipment	roofing	0
equipment	sherry	0
era	perseverance	0
era	pine	0
etching	discipline	0
excuse	physician	0
explanation	biplane	0
explanation	excuse	0
explanation	spore	0
explosive	aircraft	0
explosive	dynamite	0
fabric	sunshine	0
fabric	velvet	0
facade	outpost	0
facility	chalet	0
falcon	calculation	0
fallacy	produce	0
falsehood	flea	0
farmhouse	bargain	0
fear	ecologist	0
fear	suitcase	0
feeling	animosity	0
feeling	artillery	0
feeling	benzodiazepine	0
feeling	compassion	0
feeling	desire	0
feeling	doctrine	0
feeling	envy	0
feeling	insect	0
feeling	jealousy	0
feeling	longing	0
feeling	love	0
feeling	military	0
feeling	nostalgia	0
feeling	passion	0
feeling	relief	0
feeling	resignation	0
feeling	rum	0
feeling	serviceman	0
feeling	surprise	0
feeling	terror	0
feeling	weapon	0
felony	panda	0
fiber	entertainer	0
fillet	antibiotic	0
fillet	glider	0
final	cotton	0
firm	carnivore	0
firm	publisher	0
fish	kestrel	0
fish	shark	0
fluid	alcohol	0
fluid	beverage	0
fluid	cider	0
fluid	record	0
fluid	rum	0
fluid	whiskey	0
fluorescence	sausage	0
fly	grandchild	0
folly	dealer	0
folly	tent	0
food	candy	0
food	gun	0
food	honey	0
food	margarine	0
food	pizza	0
food	reimbursement	0
food	sandwich	0
food	spaghetti	0
food	woman	0
football	fixture	0
football	hamlet	0
forearm	merchant	0
foundry	typhoon	0
fragrance	leader	0
freeway	district	0
fruit	illness	0
fruit	melon	0
fruit	olive	0
fruit	pear	0
fruit	pizza	0
frustration	terror	0
fuel	tumor	0
fullback	baronetcy	0
funeral	carnivore	0
furniture	desk	0
furniture	shark	0
furniture	soprano	0
furniture	throne	0
furniture	word	0
game	bowling	0
game	netball	0
game	reelection	0
game	snooker	0
garment	eater	0
garment	jean	0
garment	lingerie	0
gasoline	hymn	0
gastropod	music	0
gate	violinist	0
gathering	seminar	0
gemstone	mammal	0
gent	entertainer	0
gent	playing	0
geology	charcoal	0
geometry	emotion	0
goalkeeper	documentary	0
golfer	tower	0
goose	victim	0
governor	drift	0
grandchild	drug	0
grandparent	grandfather	0
graveyard	transaction	0
greyhound	collection	0
greyhound	eatery	0
greyhound	symbol	0
greyhound	symphony	0
gun	crusade	0
gym	panda	0
hair	beard	0
hair	desire	0
hamlet	condominium	0
hamster	science	0
handgun	chick	0
handgun	worker	0
handset	phenomenon	0
hare	fillet	0
heat	armchair	0
heat	ticket	0
height	quarterback	0
helicopter	courthouse	0
herb	osteoarthritis	0
herb	rue	0
herb	vehicle	0
heroism	melanoma	0
herring	feeling	0
heterogeneity	discipline	0
heterogeneity	vertebrate	0
highway	machine	0
holly	official	0
horse	bear	0
horse	science	0
horse	stallion	0
host	hostess	0
hostel	lingerie	0
hound	greyhound	0
hound	python	0
house	castle	0
house	chalet	0
house	monastery	0
house	priory	0
house	serviceman	0
housewife	hawk	0
housing	criminal	0
housing	guesthouse	0
housing	manor	0
housing	monastery	0
housing	percussionist	0
housing	supper	0
husband	competitiveness	0
hydrocarbon	gasoline	0
hydrocarbon	statement	0
icon	disease	0
idea	fender	0
idea	value	0
illness	asylum	0
illness	digit	0
illness	document	0
illness	mesothelioma	0
illness	smallpox	0
illness	tumor	0
illness	tumour	0
illustration	milk	0
immunology	investment	0
infant	investor	0
inference	vehicle	0
inference	yearning	0
influenza	staple	0
information	corporation	0
information	disease	0
information	documentation	0
information	pine	0
information	playlist	0
information	propaganda	0
information	surgeon	0
information	waitress	0
infusion	animal	0
inhabitant	islander	0
inhabitant	resident	0
insect	ant	0
insect	cricket	0
insect	drone	0
insect	fencing	0
insect	illness	0
insect	librarian	0
insomnia	dictionary	0
institution	produce	0
institution	seminary	0
instrument	animal	0
instrument	gauge	0
instrument	missile	0
instrument	motorcycle	0
instrument	radar	0
instrument	royalty	0
instrument	telescope	0
instrument	voice	0
instrument	zebra	0
integer	animal	0
integer	ecstasy	0
integer	eleven	0
integer	fish	0
integer	rodent	0
integer	ten	0
integer	twenty	0
interoperability	height	0
intestine	equipment	0
intranet	negation	0
invertebrate	ant	0
invertebrate	gastropod	0
invertebrate	science	0
invertebrate	soprano	0
jam	trait	0
jelly	chapel	0
jewel	gunboat	0
jewel	invitation	0
jewelry	computer	0
jewelry	drummer	0
jewelry	freeware	0
jigsaw	alga	0
jigsaw	handgun	0
jigsaw	worker	0
joint	change	0
joint	knuckle	0
journalist	columnist	0
kangaroo	castle	0
karaoke	merchant	0
kestrel	liquor	0
kestrel	netball	0
kestrel	worker	0
keyboardist	cricket	0
kilt	monoclonal	0
kindergarten	symbol	0
knife	raven	0
laborer	solid	0
lactose	pony	0
lactose	writer	0
laptop	ice	0
larva	caterpillar	0
larva	maggot	0
leader	boss	0
leader	pope	0
leader	rider	0
leader	science	0
leader	statesman	0
leader	vehicle	0
leaf	petal	0
lecturer	rate	0
leg	microorganism	0
lemon	humanist	0
lemon	throne	0
leprosy	kestrel	0
lesbian	crowd	0
lesbian	dyke	0
librarian	document	0
light	resident	0
limb	leg	0
limousine	workbook	0
lingerie	payer	0
lingerie	remorse	0
liqueur	feeling	0
liqueur	ten	0
liquid	beer	0
liquid	beverage	0
liquid	jewelry	0
liquid	liquor	0
liquid	pet	0
liquid	progenitor	0
liquid	road	0
liquid	sherry	0
liquid	standing	0
liquid	vintage	0
liquor	odyssey	0
list	chapel	0
list	enumeration	0
lizard	entertainer	0
logic	crime	0
logic	mammal	0
logo	squid	0
machine	biochemistry	0
machine	pc	0
maggot	muse	0
magnitude	beverage	0
magnitude	radius	0
magnitude	size	0
magpie	science	0
maid	bench	0
mail	postcard	0
mailbox	crusade	0
mammal	biochemistry	0
mammal	bitterness	0
mammal	boar	0
mammal	cat	0
mammal	chimpanzee	0
mammal	disease	0
mammal	enzyme	0
mammal	fox	0
mammal	goat	0
mammal	horse	0
mammal	illness	0
mammal	intranet	0
mammal	machine	0
mammal	mankind	0
mammal	rat	0
mammal	vegetable	0
man	pronoun	0
manor	archbishop	0
manual	servant	0
mariner	ruler	0
marker	bookmark	0
massage	petroleum	0
mater	range	0
mater	turret	0
meal	dinner	0
meal	reptile	0
meal	sport	0
meal	supper	0
meat	clown	0
meat	vertebrate	0
medium	animal	0
medium	invertebrate	0
meeting	convention	0
meeting	leader	0
meeting	orchid	0
melanoma	note	0
member	regent	0
memo	vehicle	0
memorandum	racing	0
merchant	shopkeeper	0
mesothelioma	ambassador	0
mesothelioma	maker	0
message	asylum	0
message	occupation	0
midwife	alcohol	0
migraine	staple	0
migrant	feeling	0
migration	organization	0
militia	leader	0
mime	fairytale	0
miner	arthritis	0
miner	officer	0
mischief	collagen	0
mischief	hydrocarbon	0
mischief	vandalism	0
misfortune	calamity	0
misfortune	catastrophe	0
misfortune	mom	0
mishap	symposium	0
missile	vole	0
molecule	cancer	0
molecule	carbohydrate	0
molecule	lipid	0
molecule	locomotive	0
molecule	monoclonal	0
molecule	toast	0
molecule	vehicle	0
mollusc	business	0
moratorium	valley	0
mortar	insecticide	0
mosque	castle	0
mother	food	0
motorcycle	karaoke	0
motorist	firearm	0
motto	logo	0
movie	documentary	0
murderer	competitiveness	0
murderer	eleven	0
music	concerto	0
music	monarch	0
music	reggae	0
musician	piper	0
musician	road	0
musician	soloist	0
musket	player	0
musket	rate	0
name	gent	0
narrative	fairytale	0
narrative	wine	0
netball	sport	0
netball	vehicle	0
nickname	disability	0
nipple	heterogeneity	0
nostalgia	integer	0
nostalgia	offspring	0
note	cockroach	0
note	memorandum	0
note	vehicle	0
nurse	amphibian	0
objectivity	visualisation	0
obstruction	performer	0
occupation	cleaning	0
occupation	pharmacy	0
occupation	professorship	0
occupation	vertebrate	0
officer	daughter	0
official	cardinal	0
official	grandmother	0
official	science	0
offspring	arithmetic	0
offspring	granddaughter	0
offspring	son	0
ointment	smallpox	0
oncology	skating	0
opening	feeling	0
opening	leak	0
ore	clown	0
organ	animal	0
organ	barrier	0
organ	intestine	0
organ	nipple	0
organ	penis	0
organ	uterus	0
organist	enzymology	0
organization	bear	0
organization	bureau	0
organization	church	0
organization	club	0
organization	department	0
organization	directorate	0
organization	galley	0
organization	math	0
organization	militia	0
osteoarthritis	catcher	0
overpayment	therapist	0
oxide	list	0
oyster	science	0
palace	electrician	0
pancreas	coach	0
panda	woodpecker	0
parapet	insect	0
parasite	adjective	0
parasite	emotion	0
parasite	flea	0
parent	daddy	0
parrot	food	0
passageway	corridor	0
patience	ceremony	0
payment	hostess	0
payment	overpayment	0
payment	royalty	0
payment	solid	0
payment	wage	0
pc	food	0
pear	weapon	0
penis	color	0
penis	larva	0
people	bourgeoisie	0
people	gentry	0
people	vicar	0
performer	artiste	0
performer	comedian	0
performer	comic	0
performer	commodity	0
performer	disease	0
performer	drummer	0
performer	food	0
performer	geek	0
performer	mime	0
performer	physiotherapy	0
performer	saxophonist	0
performer	soprano	0
performer	spear	0
performer	vocalist	0
pesticide	beard	0
pesticide	cabbage	0
pesticide	girlfriend	0
pesticide	insecticide	0
petal	neurology	0
petal	vehicle	0
petroleum	payment	0
pew	glider	0
pharmacology	man	0
phenomenon	compensation	0
phenomenon	fluorescence	0
phenomenon	gale	0
phenomenon	mishap	0
phenomenon	polarization	0
phenomenon	rain	0
phenomenon	traction	0
physician	shelter	0
physiology	calculation	0
pig	science	0
pilgrimage	crew	0
piper	illness	0
piracy	feeling	0
pirate	adult	0
pistol	athlete	0
plant	rector	0
platter	publication	0
player	batsman	0
player	goalkeeper	0
player	instrument	0
player	physiotherapy	0
player	quarterback	0
playlist	bat	0
pocket	vehicle	0
polarization	emotion	0
policeman	theft	0
polygon	rectangle	0
polymer	oil	0
polymerase	treatment	0
porter	panic	0
post	rabbit	0
postgraduate	water	0
potato	foreman	0
pram	greyhound	0
preamble	meal	0
preconception	laboratory	0
prefecture	musician	0
priest	pocket	0
priest	secretariat	0
priory	tycoon	0
procedure	melon	0
produce	music	0
produce	raisin	0
professional	anaesthetist	0
professional	craftsman	0
professional	liquor	0
professional	ruler	0
professional	surgeon	0
professional	teacher	0
professorship	misfortune	0
progenitor	dad	0
progenitor	father	0
progenitor	mother	0
projectile	limb	0
prosecutor	magnitude	0
protein	collagen	0
protein	kilt	0
pseudonym	dwelling	0
pseudonym	golf	0
psychiatry	clinician	0
psychoanalysis	cow	0
psychotherapy	dinner	0
publication	bestseller	0
publication	linguist	0
publication	manual	0
publication	workbook	0
pudding	wind	0
puppy	employee	0
puppy	performer	0
race	dioxin	0
radius	fluid	0
railway	metro	0
rain	drizzle	0
receptionist	schoolmaster	0
record	autobiography	0
record	memo	0
record	spouse	0
record	wine	0
red	bird	0
reelection	ache	0
reformer	crime	0
reggae	rectangle	0
reimbursement	insect	0
relative	game	0
relative	granny	0
relative	infant	0
relative	leader	0
relative	musician	0
relative	ore	0
relative	parent	0
relative	son	0
relief	herb	0
relief	kidnapping	0
remorse	water	0
representative	alderman	0
reptile	business	0
reptile	list	0
reptile	record	0
request	ultimatum	0
resentment	employee	0
resignation	discipline	0
revolver	animal	0
rifle	psychoanalysis	0
right	kingfisher	0
road	freeway	0
road	highway	0
road	representative	0
road	roadway	0
roast	salmon	0
rodent	hamster	0
rodent	hedgehog	0
rodent	vole	0
rodent	weapon	0
roofing	recovery	0
room	classroom	0
room	sauna	0
ruler	algebra	0
ruler	pancreas	0
sack	apostle	0
sack	emotion	0
sailor	forearm	0
sailor	oil	0
sailor	privateer	0
salesman	ache	0
salmon	intestine	0
sausage	crew	0
saying	machine	0
saying	motto	0
saying	slogan	0
scapegoat	temperament	0
school	gymnasium	0
science	alga	0
science	algebra	0
science	artery	0
science	concept	0
science	decree	0
science	dentistry	0
science	employee	0
science	linguistics	0
science	math	0
science	neurology	0
science	neuroscience	0
science	oncology	0
science	pear	0
science	robin	0
science	wheat	0
scientist	dad	0
scientist	henchman	0
scourge	end	0
seabird	penguin	0
seafood	carp	0
seafood	herring	0
seafood	mackerel	0
seafood	worker	0
seaplane	crystal	0
secretariat	carbon	0
section	preamble	0
security	fresco	0
security	indemnity	0
sedan	tissue	0
sensation	fragrance	0
sensation	information	0
sensation	molecule	0
sensation	tool	0
servant	croquet	0
serviceman	soldier	0
shark	assortment	0
shellfish	emotion	0
sherry	cancer	0
sherry	rodent	0
ship	submarine	0
ship	tanker	0
shirt	thoroughfare	0
shortcut	decoration	0
shortcut	feeling	0
shower	bee	0
shrine	captivity	0
signal	walnut	0
singer	soprano	0
sir	opium	0
site	reptile	0
sixty	relative	0
slalom	barrier	0
slalom	hedgehog	0
slogan	mixture	0
sloop	rector	0
snail	bull	0
snake	chemical	0
snake	jewel	0
snippet	feeling	0
soccer	organization	0
sociologist	panda	0
software	food	0
software	fruit	0
software	parser	0
solid	ancestor	0
solid	ape	0
solid	cookie	0
solid	orange	0
solid	quartz	0
solid	shellfish	0
solid	wood	0
solution	batsman	0
solution	migration	0
son	hospital	0
sonata	symphony	0
song	piper	0
spaghetti	commodity	0
spaghetti	forearm	0
spaghetti	workman	0
spoon	immigration	0
sport	badminton	0
sport	equipment	0
sport	football	0
sport	garment	0
sport	golf	0
sport	histogram	0
sport	hymn	0
sport	racing	0
sport	swimming	0
spouse	commodity	0
stag	eagle	0
stag	virus	0
stallion	statement	0
standing	animal	0
standing	ape	0
statement	accusation	0
statement	contract	0
statement	ship	0
statement	spouse	0
statesman	buggy	0
status	baronetcy	0
stocking	bird	0
stocking	limousine	0
storm	overpayment	0
storm	sandwich	0
storm	solid	0
storm	typhoon	0
strawberry	alcohol	0
subcommittee	fresco	0
subcontractor	cassette	0
sulphate	hair	0
sunlight	dealer	0
sunlight	statement	0
surface	screen	0
surprise	guesthouse	0
swan	symbol	0
swimming	motel	0
swine	humankind	0
symbol	cairn	0
symbol	leaf	0
symbol	vehicle	0
symptom	spasm	0
system	military	0
tank	building	0
tanker	grandmother	0
technician	relative	0
telecommunication	crime	0
telecommunication	twenty	0
temperament	aristocrat	0
term	telly	0
tern	discipline	0
terror	granny	0
text	illustration	0
text	invitation	0
theater	value	0
theatre	brook	0
theology	greyhound	0
theology	phenomenon	0
therapy	building	0
therapy	machine	0
therapy	psychoanalysis	0
therapy	son	0
thief	housing	0
thief	potato	0
thoroughfare	alley	0
thoroughfare	boulevard	0
thrill	energy	0
thunderstorm	shower	0
tissue	animal	0
tissue	skin	0
tissue	solution	0
toast	antibiotic	0
toddler	lobster	0
tomorrow	relative	0
tool	celery	0
tool	fluid	0
tool	screwdriver	0
tortoise	joint	0
tower	aneurysm	0
tower	silo	0
tower	turret	0
traction	influenza	0
trait	competitiveness	0
trait	folly	0
trait	goose	0
trait	maker	0
trait	parameter	0
trait	road	0
trait	temperament	0
transaction	investing	0
transformation	conversion	0
travel	algebra	0
travel	safari	0
traveler	owl	0
traveler	performer	0
treatment	alcohol	0
treatment	people	0
treatment	psychoanalysis	0
treatment	radiotherapy	0
tree	almond	0
tree	holly	0
tree	mango	0
tree	mangrove	0
tree	travel	0
trolley	soloist	0
trouser	geometry	0
tumor	laborer	0
tumor	melanoma	0
tumor	mesothelioma	0
tumor	pasta	0
tumor	writer	0
tumour	luncheon	0
turbine	cold	0
turkey	employee	0
typography	surface	0
underside	sensation	0
undertaking	robin	0
undertaking	slalom	0
underwear	lingerie	0
utensil	kettle	0
value	teaching	0
vegetable	artiste	0
vegetable	cabbage	0
vegetable	vehicle	0
vehicle	amphibian	0
vehicle	auto	0
vehicle	bike	0
vehicle	duck	0
vehicle	elm	0
vehicle	entertainer	0
vehicle	frigate	0
vehicle	gunboat	0
vehicle	invertebrate	0
vehicle	milk	0
vehicle	osteoarthritis	0
vehicle	parser	0
vehicle	sedan	0
vehicle	sloop	0
vehicle	tank	0
vehicle	trolley	0
vehicle	tsunami	0
vehicle	vintage	0
vehicle	warship	0
vehicle	woman	0
vehicle	worker	0
velocity	potato	0
velocity	sociology	0
vertebrate	art	0
vertebrate	asp	0
vertebrate	bat	0
vertebrate	bear	0
vertebrate	bitterness	0
vertebrate	chariot	0
vertebrate	conservatism	0
vertebrate	corporation	0
vertebrate	cow	0
vertebrate	crystal	0
vertebrate	eagle	0
vertebrate	hedgehog	0
vertebrate	lion	0
vertebrate	mare	0
vertebrate	organization	0
vertebrate	panda	0
vertebrate	pheasant	0
vertebrate	puppy	0
vertebrate	raven	0
vertebrate	serpent	0
vertebrate	site	0
vertebrate	spear	0
vertebrate	victim	0
vertebrate	vole	0
vertebrate	woodpecker	0
vertebrate	worker	0
vertebrate	yellow	0
vertex	priest	0
vessel	stick	0
vial	commodity	0
vicar	bottle	0
vicar	shareholder	0
vicar	suit	0
vodka	privateer	0
volleyball	pc	0
vulture	fluid	0
wader	science	0
wage	airplane	0
waiter	waitress	0
walk	vehicle	0
warbler	father	0
ware	feeling	0
ware	fork	0
ware	shirt	0
water	seawater	0
waterfowl	crystal	0
waterfowl	parent	0
wave	tsunami	0
weakening	invertebrate	0
weapon	rifle	0
wheat	pain	0
whiskey	dagger	0
whiskey	meal	0
whisky	traveler	0
wife	beer	0
wife	coupe	0
wind	vicar	0
windfall	bird	0
wine	football	0
wine	road	0
woman	bridesmaid	0
woman	math	0
woman	mistress	0
wood	maple	0
woodpecker	covenant	0
word	emotion	0
word	flu	0
word	modifier	0
word	trait	0
work	bird	0
worker	airman	0
worker	athlete	0
worker	breaker	0
worker	cook	0
worker	editor	0
worker	furniture	0
worker	hospital	0
worker	phenomenon	0
worker	pilot	0
worker	postman	0
worker	traveler	0
workman	fruit	0
workman	porter	0
workplace	snippet	0
workplace	studio	0
wrath	science	0
writer	armchair	0
writer	dramatist	0
writer	poet	0
yellow	protein	0
yesterday	discipline	0
yesterday	subcommittee	0
abstraction	concept	1
accusation	statement	1
ache	pain	1
acid	chemical	1
acoustics	discipline	1
adjective	word	1
adrenaline	chemical	1
adrenaline	neurotransmitter	1
aesthetic	doctrine	1
affection	feeling	1
affidavit	document	1
agony	feeling	1
aide	serviceman	1
aircraft	vehicle	1
aircrew	crew	1
airman	worker	1
airplane	vehicle	1
alcohol	fluid	1
alderman	representative	1
ale	alcohol	1
ale	fluid	1
alga	microorganism	1
algebra	mathematics	1
algebra	science	1
alley	thoroughfare	1
almond	tree	1
alpha	symbol	1
ambassador	diplomat	1
ambassador	worker	1
amphetamine	drug	1
amphibian	vehicle	1
anaesthetic	drug	1
anaesthetist	adult	1
anaesthetist	professional	1
analogy	inference	1
anatomy	discipline	1
aneurysm	disorder	1
anger	emotion	1
anger	feeling	1
animosity	emotion	1
animosity	feeling	1
annals	periodical	1
anorexia	disorder	1
answer	statement	1
ant	insect	1
ant	invertebrate	1
antibiotic	drug	1
antibody	molecule	1
antiquity	era	1
apathy	feeling	1
ape	animal	1
ape	mammal	1
aphid	insect	1
aphid	invertebrate	1
apostle	believer	1
apple	solid	1
apprehension	fear	1
aquarium	container	1
aqueduct	conduit	1
archbishop	clergyman	1
archbishop	priest	1
arithmetic	discipline	1
armchair	chair	1
army	organization	1
aromatherapy	therapy	1
artery	vessel	1
artillery	armament	1
artiste	entertainer	1
artiste	performer	1
asp	reptile	1
asp	snake	1
asp	vertebrate	1
aspirin	drug	1
association	organization	1
assortment	collection	1
asthma	illness	1
astronomy	science	1
asylum	shelter	1
attorney	professional	1
attraction	phenomenon	1
auto	vehicle	1
autobiography	record	1
automobile	vehicle	1
baby	offspring	1
bacterium	microorganism	1
badminton	sport	1
baggage	container	1
bailiff	worker	1
balloon	aircraft	1
bamboo	wood	1
ban	decree	1
bargain	agreement	1
baritone	entertainer	1
baritone	singer	1
baroness	aristocrat	1
baronetcy	status	1
barrier	obstruction	1
basket	container	1
basketball	game	1
bassist	entertainer	1
bassist	musician	1
bat	vertebrate	1
batsman	athlete	1
batsman	player	1
battleship	ship	1
battleship	vehicle	1
bead	jewelry	1
bean	vegetable	1
bear	carnivore	1
bear	mammal	1
bear	vertebrate	1
beard	hair	1
bed	furniture	1
bee	animal	1
bee	invertebrate	1
beech	tree	1
beer	beverage	1
beer	liquid	1
bend	curve	1
benzene	chemical	1
benzene	hydrocarbon	1
benzodiazepine	drug	1
bereavement	emotion	1
berry	solid	1
bestseller	publication	1
beverage	fluid	1
beverage	liquid	1
bib	fabric	1
bike	vehicle	1
binder	machine	1
bingo	game	1
biochemistry	chemistry	1
biochemistry	science	1
biologist	scientist	1
biotechnology	discipline	1
biplane	aircraft	1
biplane	airplane	1
biplane	vehicle	1
bird	animal	1
birthday	anniversary	1
bitterness	emotion	1
bitterness	feeling	1
black	color	1
blaze	combustion	1
bluegrass	herb	1
boar	mammal	1
bomber	aircraft	1
bomber	airplane	1
bonnet	clothing	1
bonnet	commodity	1
bookmark	marker	1
bookshop	shop	1
booze	beverage	1
booze	drug	1
border	boundary	1
boss	leader	1
bottle	container	1
boulevard	thoroughfare	1
bounty	payment	1
bourgeoisie	people	1
bowling	game	1
box	container	1
bra	clothing	1
breaker	worker	1
breeze	wind	1
brethren	organization	1
bridesmaid	woman	1
brigade	organization	1
bronze	alloy	1
brook	stream	1
brother	kinsman	1
buffalo	mammal	1
bug	animal	1
bug	invertebrate	1
buggy	container	1
buggy	vehicle	1
bull	animal	1
bull	mammal	1
bulldog	dog	1
bungalow	house	1
bungalow	housing	1
bureau	organization	1
butcher	merchant	1
butter	solid	1
butterfly	animal	1
butterfly	insect	1
cabbage	vegetable	1
cafe	restaurant	1
cage	enclosure	1
cairn	symbol	1
calamity	misfortune	1
calculation	procedure	1
calf	animal	1
camera	equipment	1
cameraman	artist	1
campsite	site	1
candy	food	1
cannon	armament	1
cannon	artillery	1
carbohydrate	molecule	1
carbonate	chemical	1
carcinoma	cancer	1
carcinoma	tumor	1
cardinal	bishop	1
cardinal	leader	1
caring	love	1
carnage	murder	1
carp	seafood	1
carpenter	worker	1
casket	container	1
cassette	container	1
castle	building	1
castle	dwelling	1
castle	house	1
castle	housing	1
cat	carnivore	1
cat	mammal	1
cataract	illness	1
catastrophe	misfortune	1
catcher	player	1
caterpillar	larva	1
caucus	gathering	1
celery	herb	1
cellist	entertainer	1
cellist	performer	1
cellulose	carbohydrate	1
cellulose	chemical	1
cemetery	site	1
cereal	herb	1
chalet	building	1
chalet	house	1
chamber	enclosure	1
champagne	alcohol	1
champagne	wine	1
chancellor	leader	1
chant	music	1
chapel	building	1
charcoal	carbon	1
chariot	vehicle	1
charity	institution	1
chateau	dwelling	1
checklist	information	1
checklist	list	1
cheese	food	1
chef	worker	1
chemistry	science	1
chemotherapy	care	1
chick	animal	1
chick	bird	1
chick	vertebrate	1
chicken	solid	1
chilli	vegetable	1
chimpanzee	mammal	1
chimpanzee	vertebrate	1
chocolate	food	1
church	organization	1
cider	fluid	1
cipher	message	1
classroom	room	1
clerk	worker	1
clinician	professional	1
clown	fool	1
club	organization	1
clubhouse	building	1
coach	trainer	1
coaching	occupation	1
cockroach	insect	1
cockroach	invertebrate	1
cocktail	alcohol	1
cold	illness	1
collagen	molecule	1
collagen	protein	1
colon	organ	1
colt	male	1
columnist	journalist	1
comedian	performer	1
comic	entertainer	1
comic	performer	1
comment	statement	1
commission	organization	1
committee	organization	1
company	institution	1
company	organization	1
compass	instrument	1
compassion	feeling	1
competitiveness	trait	1
complacency	feeling	1
compost	mixture	1
concert	performance	1
concerto	music	1
condom	contraceptive	1
condominium	dwelling	1
condominium	housing	1
conjecture	idea	1
conservatism	attitude	1
contract	statement	1
convent	building	1
convent	dwelling	1
convention	meeting	1
conversion	transformation	1
cook	worker	1
cookbook	book	1
cookie	solid	1
cool	temperature	1
copyright	right	1
coriander	herb	1
corporation	organization	1
corridor	passageway	1
cosmology	discipline	1
cottage	house	1
cottage	housing	1
cotton	fiber	1
council	organization	1
counterattack	attack	1
country	organization	1
coupe	vehicle	1
courthouse	building	1
courtroom	room	1
covenant	document	1
cow	vertebrate	1
cowboy	workman	1
crab	invertebrate	1
cracker	food	1
cradle	furniture	1
craftsman	professional	1
cricket	insect	1
cricketer	athlete	1
criminology	discipline	1
crocodile	animal	1
croquet	game	1
croquet	sport	1
crow	animal	1
crusade	undertaking	1
cutlery	tool	1
cycling	sport	1
cynicism	feeling	1
dad	progenitor	1
dad	relative	1
daddy	parent	1
dagger	instrument	1
dance	art	1
dancer	entertainer	1
dancing	discipline	1
dart	projectile	1
daughter	offspring	1
deafness	disability	1
dealer	merchant	1
dealership	business	1
dean	leader	1
deanery	building	1
deanery	dwelling	1
deanery	house	1
declaration	statement	1
decrease	change	1
deer	animal	1
deer	mammal	1
dementia	insanity	1
denim	clothing	1
dentistry	medicine	1
dentistry	science	1
department	organization	1
depth	magnitude	1
dermatitis	disease	1
descendent	relative	1
desire	feeling	1
desk	furniture	1
detective	policeman	1
diabetes	disease	1
dictionary	book	1
dinghy	boat	1
dinner	meal	1
dinosaur	vertebrate	1
dioxide	oxide	1
dioxin	hydrocarbon	1
diplomat	worker	1
directorate	organization	1
disappointment	feeling	1
disco	music	1
discussion	communication	1
dish	container	1
dispenser	container	1
displeasure	emotion	1
documentary	movie	1
documentation	information	1
dog	carnivore	1
dog	mammal	1
dogma	doctrine	1
dolphin	animal	1
dorm	housing	1
dormitory	building	1
dove	animal	1
draft	document	1
dragonfly	animal	1
dragonfly	insect	1
dramatist	writer	1
drift	phenomenon	1
drinker	consumer	1
drizzle	rain	1
drone	insect	1
drummer	entertainer	1
drummer	performer	1
dryer	commodity	1
duck	bird	1
dustbin	bin	1
dwelling	housing	1
dyke	lesbian	1
dynamite	explosive	1
eagle	animal	1
eagle	bird	1
eagle	vertebrate	1
earring	decoration	1
eatery	building	1
eating	consumption	1
ecologist	scientist	1
economics	discipline	1
economist	scientist	1
ecstasy	emotion	1
ecstasy	feeling	1
edge	boundary	1
editor	worker	1
editorial	prose	1
educator	professional	1
eel	solid	1
electrician	worker	1
electrolyte	solution	1
electronics	discipline	1
electronics	science	1
elephant	animal	1
eleven	integer	1
elite	people	1
elm	tree	1
emigrant	migrant	1
emigration	migration	1
employee	worker	1
empress	ruler	1
encyclopedia	book	1
endurance	strength	1
engineering	occupation	1
enumeration	information	1
enumeration	list	1
environmentalist	reformer	1
envy	feeling	1
enzyme	molecule	1
enzymology	biochemistry	1
enzymology	science	1
epic	poem	1
epistle	letter	1
etching	art	1
excitement	feeling	1
excuse	explanation	1
experiment	research	1
facade	surface	1
fairytale	narrative	1
fallacy	idea	1
falsehood	statement	1
farmhouse	building	1
farmhouse	house	1
father	progenitor	1
feeder	animal	1
felony	transgression	1
fence	barrier	1
fencing	obstruction	1
fender	barrier	1
ferret	carnivore	1
ferry	boat	1
ferry	vehicle	1
fielder	athlete	1
fillet	meat	1
filly	female	1
final	contest	1
fingertip	tip	1
firearm	weapon	1
firm	business	1
firm	organization	1
fish	animal	1
fisherman	worker	1
fishing	sport	1
flea	invertebrate	1
flea	parasite	1
floor	surface	1
flour	food	1
flu	disease	1
fluorescence	phenomenon	1
fly	invertebrate	1
fodder	worker	1
foetus	vertebrate	1
folly	trait	1
football	game	1
football	sport	1
footbridge	bridge	1
forearm	limb	1
foreman	superior	1
fork	ware	1
foundry	plant	1
fourteen	integer	1
fox	animal	1
fox	mammal	1
fox	vertebrate	1
fragrance	sensation	1
freeware	software	1
freeway	road	1
fresco	art	1
fresco	painting	1
frigate	vehicle	1
fright	emotion	1
frustration	feeling	1
fullback	athlete	1
funeral	ceremony	1
gale	phenomenon	1
gall	disease	1
galley	vehicle	1
gas	phenomenon	1
gasoline	fuel	1
gasoline	hydrocarbon	1
gastropod	invertebrate	1
gate	barrier	1
gateway	entrance	1
gauge	instrument	1
geek	performer	1
gemstone	crystal	1
generator	apparatus	1
gent	adult	1
gentry	people	1
geology	discipline	1
geometry	discipline	1
geometry	science	1
gin	beverage	1
ginger	herb	1
girlfriend	woman	1
gladiator	combatant	1
gland	organ	1
glaucoma	disease	1
glider	aircraft	1
glider	vehicle	1
goalkeeper	athlete	1
goalkeeper	player	1
goat	mammal	1
goldfish	vertebrate	1
golf	sport	1
golfer	player	1
goose	vertebrate	1
goose	waterfowl	1
gorge	valley	1
gorilla	mammal	1
governor	politician	1
gown	clothing	1
graft	tissue	1
grandchild	offspring	1
grandchild	relative	1
granddaughter	offspring	1
grandfather	grandparent	1
grandmother	grandparent	1
grandmother	relative	1
granny	relative	1
graveyard	site	1
green	color	1
greyhound	animal	1
greyhound	dog	1
greyhound	hound	1
grove	vegetation	1
guesthouse	housing	1
gunboat	boat	1
gunboat	vehicle	1
gunner	serviceman	1
gym	facility	1
gymnasium	school	1
hall	passageway	1
hallway	passageway	1
hamlet	community	1
hamster	rodent	1
handgun	gun	1
handgun	instrument	1
handgun	weapon	1
handset	equipment	1
hardness	consistency	1
hare	animal	1
hare	mammal	1
hawk	animal	1
hawk	bird	1
headline	text	1
heat	energy	1
hedgehog	rodent	1
hedgehog	vertebrate	1
height	dimension	1
height	magnitude	1
helicopter	vehicle	1
hen	bird	1
henchman	criminal	1
hepatitis	illness	1
heroism	trait	1
herpes	disease	1
herring	seafood	1
heterogeneity	difference	1
highway	road	1
histogram	chart	1
hockey	sport	1
holly	tree	1
honey	food	1
horse	animal	1
horse	mammal	1
horse	vertebrate	1
horseman	rider	1
hose	commodity	1
hospital	building	1
hostel	hotel	1
hostess	host	1
house	building	1
housekeeper	servant	1
housewife	woman	1
human	vertebrate	1
humanism	doctrine	1
humanist	scholar	1
humankind	vertebrate	1
hurricane	storm	1
husband	relative	1
hymn	song	1
hypnotherapy	therapy	1
hypnotherapy	treatment	1
hysteria	disorder	1
ice	crystal	1
icon	signal	1
illustration	artwork	1
immigration	migration	1
immunology	discipline	1
immunology	science	1
importation	commerce	1
indemnity	security	1
infant	relative	1
influenza	illness	1
infusion	solution	1
initiation	ceremony	1
ink	fluid	1
ink	liquid	1
inn	building	1
insect	animal	1
insecticide	pesticide	1
insomnia	disorder	1
internment	captivity	1
interoperability	ability	1
intestine	organ	1
intranet	system	1
invertebrate	animal	1
investing	transaction	1
investment	transaction	1
invitation	text	1
ipod	system	1
islander	inhabitant	1
iv	digit	1
ix	digit	1
jacket	garment	1
jam	food	1
jealousy	feeling	1
jean	garment	1
jelly	food	1
jet	vehicle	1
jeweller	maker	1
jewelry	decoration	1
jigsaw	machine	1
jigsaw	tool	1
joker	entertainer	1
joker	performer	1
jurisprudence	discipline	1
kangaroo	animal	1
kangaroo	mammal	1
karaoke	entertainment	1
kestrel	animal	1
kestrel	falcon	1
kestrel	hawk	1
kestrel	vertebrate	1
kettle	container	1
kettle	utensil	1
keyboardist	performer	1
kickoff	kick	1
kidnapping	crime	1
kilt	clothing	1
kilt	commodity	1
kindergarten	institution	1
kindergarten	organization	1
kingfisher	bird	1
kingfisher	vertebrate	1
kinsman	relative	1
knee	joint	1
knife	tool	1
knuckle	joint	1
laboratory	workplace	1
laborer	worker	1
lactose	chemical	1
lactose	molecule	1
lady	adult	1
lamb	animal	1
laptop	computer	1
laptop	machine	1
leak	opening	1
lecturer	adult	1
leg	limb	1
lemon	fruit	1
leprosy	disease	1
leprosy	illness	1
leukaemia	cancer	1
leukaemia	disease	1
leukaemia	tumor	1
leukemia	tumor	1
librarian	adult	1
license	document	1
limousine	car	1
limousine	vehicle	1
lingerie	clothing	1
lingerie	garment	1
lingerie	underwear	1
linguist	scientist	1
linguistics	science	1
lion	animal	1
lion	vertebrate	1
lipid	molecule	1
liqueur	alcohol	1
liqueur	beverage	1
liqueur	fluid	1
liquor	beverage	1
liquor	fluid	1
liquor	liquid	1
lizard	reptile	1
lobster	seafood	1
locomotive	vehicle	1
logic	discipline	1
logo	signal	1
logo	symbol	1
longing	feeling	1
loo	room	1
louse	insect	1
love	feeling	1
lunch	meal	1
luncheon	meal	1
lupus	disease	1
lymphoma	tumor	1
mackerel	seafood	1
magazine	medium	1
maggot	animal	1
maggot	larva	1
magistrate	official	1
magpie	animal	1
magpie	bird	1
maid	servant	1
mail	message	1
mailbox	container	1
maize	herb	1
malaria	infection	1
man	adult	1
mango	tree	1
mangrove	tree	1
mankind	mammal	1
manor	housing	1
manual	book	1
manual	publication	1
maple	wood	1
mare	animal	1
mare	horse	1
mare	vertebrate	1
margarine	food	1
mariner	worker	1
marquee	tent	1
massage	treatment	1
mater	ancestor	1
math	science	1
measles	illness	1
medication	drug	1
medicine	discipline	1
melanoma	cancer	1
melanoma	carcinoma	1
melanoma	tumor	1
melon	fruit	1
melon	solid	1
memo	note	1
memo	record	1
memorandum	note	1
meningitis	illness	1
mesothelioma	cancer	1
mesothelioma	disease	1
mesothelioma	illness	1
mesothelioma	tumor	1
metro	railway	1
microbiology	biology	1
midwife	professional	1
migraine	ache	1
migrant	traveler	1
military	organization	1
militia	organization	1
milk	beverage	1
milk	fluid	1
milk	food	1
milk	liquid	1
mime	performer	1
miner	workman	1
mishap	phenomenon	1
missile	instrument	1
missile	weapon	1
mistress	woman	1
mob	crowd	1
modifier	word	1
mollusc	animal	1
mom	parent	1
monarch	ruler	1
monastery	building	1
monastery	dwelling	1
monastery	house	1
monastery	housing	1
monoclonal	molecule	1
monoclonal	protein	1
monsoon	wind	1
moratorium	pause	1
mortar	weaponry	1
mosque	building	1
motel	building	1
moth	insect	1
mother	ancestor	1
mother	progenitor	1
mother	relative	1
motorbike	vehicle	1
motorcycle	vehicle	1
motorist	driver	1
motorway	highway	1
motorway	road	1
motto	saying	1
mucosa	tissue	1
mule	animal	1
mule	mammal	1
multiculturalism	doctrine	1
mummy	ancestor	1
murderer	criminal	1
muse	deity	1
musket	gun	1
nanny	adult	1
nanotechnology	discipline	1
navy	organization	1
negation	statement	1
nematode	invertebrate	1
nerve	tissue	1
netball	game	1
neurology	science	1
neuroscience	discipline	1
neuroscience	science	1
nickname	name	1
nipple	organ	1
nostalgia	feeling	1
notary	official	1
noun	word	1
nurse	adult	1
nursing	work	1
oat	cereal	1
objectivity	trait	1
observatory	building	1
odour	sensation	1
odyssey	travel	1
officer	serviceman	1
oil	lipid	1
ointment	drug	1
olive	fruit	1
oncology	discipline	1
oncology	science	1
opium	narcotic	1
optimism	feeling	1
orange	solid	1
orator	speaker	1
orchid	flower	1
ore	mineral	1
organist	performer	1
osteoarthritis	arthritis	1
osteoarthritis	illness	1
outpost	post	1
overhead	cost	1
overpayment	payment	1
owl	bird	1
owl	vertebrate	1
ox	animal	1
oyster	animal	1
package	collection	1
paddle	stick	1
pair	set	1
palace	dwelling	1
pancreas	organ	1
panda	animal	1
panda	mammal	1
panda	vertebrate	1
panic	fear	1
parachute	equipment	1
parameter	concept	1
parapet	wall	1
parent	relative	1
parenthesis	symbol	1
parody	caricature	1
parrot	vertebrate	1
parser	software	1
passion	feeling	1
pathologist	doctor	1
pathology	science	1
patience	trait	1
pc	computer	1
pc	machine	1
pear	fruit	1
pear	produce	1
pearl	jewel	1
pearl	jewelry	1
penguin	animal	1
penguin	bird	1
penguin	seabird	1
penicillin	antibiotic	1
penis	organ	1
pennant	signal	1
pennant	symbol	1
penthouse	housing	1
peptide	chemical	1
percussionist	performer	1
perseverance	trait	1
pet	animal	1
petal	leaf	1
petroleum	chemical	1
petroleum	oil	1
pew	bench	1
pharmacology	science	1
pharmacy	discipline	1
pheasant	animal	1
pheasant	vertebrate	1
phonology	science	1
physician	adult	1
physician	professional	1
physiology	biology	1
physiology	science	1
physiotherapist	therapist	1
physiotherapy	therapy	1
physiotherapy	treatment	1
pianist	entertainer	1
pickup	vehicle	1
pig	swine	1
pigeon	vertebrate	1
pilgrimage	journey	1
pilot	worker	1
pine	tree	1
pipe	conduit	1
piper	entertainer	1
piper	musician	1
piper	performer	1
piracy	crime	1
pirate	criminal	1
pizza	food	1
platform	surface	1
platter	ware	1
playing	show	1
playlist	information	1
playlist	list	1
plum	tree	1
pocket	container	1
poet	writer	1
polarization	phenomenon	1
pollen	spore	1
polyethylene	resin	1
polymer	chemical	1
polymerase	chemical	1
polymerase	enzyme	1
pontoon	boat	1
pony	horse	1
pony	mammal	1
pope	leader	1
porter	employee	1
porter	worker	1
porter	workman	1
postcard	mail	1
postgraduate	student	1
postman	worker	1
potato	food	1
potato	vegetable	1
pouch	container	1
pram	vehicle	1
preamble	section	1
preconception	belief	1
prefecture	district	1
prelate	clergyman	1
premier	representative	1
preposition	word	1
president	leader	1
primacy	standing	1
primate	priest	1
princess	aristocrat	1
principle	idea	1
priory	house	1
privateer	mariner	1
privateer	sailor	1
probate	document	1
professorship	occupation	1
progenitor	ancestor	1
pronoun	word	1
propaganda	information	1
prosecutor	official	1
protein	molecule	1
pseudonym	name	1
psoriasis	disease	1
psoriasis	illness	1
psychiatry	science	1
psychoanalysis	therapy	1
psychoanalysis	treatment	1
psychoanalysis	work	1
psychology	science	1
psychotherapy	discipline	1
psychotherapy	science	1
publisher	firm	1
pudding	food	1
puppy	mammal	1
puppy	vertebrate	1
python	animal	1
python	reptile	1
python	vertebrate	1
quarterback	player	1
quartz	solid	1
questionnaire	document	1
rabbit	vertebrate	1
race	contest	1
racehorse	mammal	1
racing	sport	1
radar	instrument	1
radiation	phenomenon	1
radiotherapy	care	1
radiotherapy	treatment	1
radius	magnitude	1
rage	emotion	1
rain	phenomenon	1
rainforest	vegetation	1
rainwater	water	1
raisin	produce	1
range	magnitude	1
rat	mammal	1
raven	vertebrate	1
receiver	equipment	1
receptionist	worker	1
recovery	improvement	1
rectangle	polygon	1
rector	leader	1
red	color	1
reel	equipment	1
reelection	election	1
refreshment	food	1
regent	member	1
reggae	music	1
registry	record	1
reimbursement	compensation	1
reimbursement	payment	1
reindeer	animal	1
reliability	trait	1
relief	feeling	1
remorse	feeling	1
reptile	animal	1
reptile	vertebrate	1
resentment	emotion	1
reservist	serviceman	1
resident	inhabitant	1
resignation	feeling	1
retina	tissue	1
review	appraisal	1
revolver	pistol	1
rhino	vertebrate	1
rider	traveler	1
rifle	weapon	1
rig	equipment	1
roadway	road	1
roast	meat	1
robbery	crime	1
robin	animal	1
robin	vertebrate	1
rodent	animal	1
rodent	mammal	1
rodent	vertebrate	1
roofing	equipment	1
roster	list	1
royalty	payment	1
rucksack	bag	1
rue	herb	1
rugby	game	1
rum	drug	1
rum	fluid	1
rum	liquid	1
rune	signal	1
sack	bag	1
sadness	feeling	1
safari	travel	1
salesman	employee	1
salesman	worker	1
salmon	animal	1
salmon	fish	1
sandwich	food	1
sauna	room	1
sausage	solid	1
sawmill	machine	1
saxophonist	performer	1
scapegoat	victim	1
scarf	garment	1
schoolmaster	educator	1
scissors	tool	1
scourge	instrument	1
screen	surface	1
screenwriter	writer	1
screwdriver	tool	1
seabird	bird	1
seabird	vertebrate	1
seaman	sailor	1
seaplane	airplane	1
seaplane	vehicle	1
seawater	water	1
seaweed	alga	1
secret	information	1
secretariat	organization	1
sedan	car	1
sedan	vehicle	1
seminar	gathering	1
seminary	institution	1
serpent	animal	1
serpent	reptile	1
serpent	vertebrate	1
sewer	conduit	1
shareholder	investor	1
shark	fish	1
shaving	cleaning	1
shellfish	seafood	1
shellfish	solid	1
sherry	beverage	1
sherry	liquid	1
sherry	wine	1
shirt	clothing	1
shopkeeper	merchant	1
shortcut	road	1
shovel	tool	1
shower	fixture	1
shrine	building	1
silo	tower	1
sir	man	1
sis	relative	1
sixty	integer	1
size	magnitude	1
skating	sport	1
skier	athlete	1
skin	covering	1
skin	tissue	1
skull	tissue	1
slalom	contest	1
slogan	saying	1
sloop	vehicle	1
smallpox	illness	1
smuggler	criminal	1
snail	animal	1
snake	animal	1
snippet	piece	1
snooker	game	1
soccer	game	1
sociologist	scientist	1
sociology	science	1
soldier	serviceman	1
soloist	musician	1
soloist	performer	1
son	offspring	1
son	relative	1
song	music	1
soprano	entertainer	1
soprano	performer	1
soprano	singer	1
spacecraft	equipment	1
spaceship	vehicle	1
spaghetti	food	1
spaghetti	pasta	1
spasm	symptom	1
spear	instrument	1
spear	weapon	1
spectrometer	instrument	1
spinach	herb	1
spiral	curve	1
spokesman	spokesperson	1
spokeswoman	advocate	1
spokeswoman	spokesperson	1
spoon	container	1
spouse	relative	1
sprinter	athlete	1
squid	solid	1
stag	animal	1
stag	mammal	1
stagecoach	vehicle	1
stallion	animal	1
stallion	horse	1
staple	commodity	1
statesman	leader	1
stepfather	ancestor	1
stepmother	ancestor	1
stereo	equipment	1
stipend	payment	1
stocking	commodity	1
storyteller	communicator	1
strawberry	berry	1
strut	walk	1
studio	workplace	1
subcommittee	organization	1
subcontractor	contractor	1
submarine	ship	1
subtraction	calculation	1
suburb	district	1
suit	commodity	1
suitcase	container	1
sulphate	chemical	1
sundial	instrument	1
sunlight	light	1
sunshine	phenomenon	1
supercomputer	computer	1
supercomputer	machine	1
supper	meal	1
surcharge	cost	1
surgeon	professional	1
surprise	feeling	1
swan	bird	1
swap	transaction	1
sweater	commodity	1
sweetness	sensation	1
swimmer	athlete	1
swimming	sport	1
symphony	music	1
symphony	sonata	1
symposium	meeting	1
syringe	instrument	1
tank	vehicle	1
tanker	ship	1
tanker	vehicle	1
tar	chemical	1
taste	sensation	1
tavern	building	1
taxonomy	hierarchy	1
tea	beverage	1
teacher	professional	1
teaching	occupation	1
technician	worker	1
telegraph	apparatus	1
telephony	telecommunication	1
telescope	instrument	1
telly	receiver	1
temperament	trait	1
ten	integer	1
tenant	payer	1
tench	animal	1
tench	fish	1
term	word	1
terminal	facility	1
tern	vertebrate	1
terrier	carnivore	1
terrier	dog	1
terror	emotion	1
terror	feeling	1
textbook	book	1
theater	building	1
theatre	building	1
theft	felony	1
theology	discipline	1
therapy	care	1
thermostat	regulator	1
thesaurus	publication	1
thief	criminal	1
thirty	integer	1
thoroughfare	road	1
thrill	emotion	1
throne	chair	1
throne	furniture	1
thunderstorm	storm	1
ticket	document	1
tie	clothing	1
tip	end	1
title	text	1
toad	animal	1
toast	bread	1
toast	food	1
toddler	child	1
toe	extremity	1
tomorrow	day	1
tongue	organ	1
tortoise	animal	1
tortoise	reptile	1
tour	travel	1
traction	phenomenon	1
traitor	criminal	1
transplantation	procedure	1
trolley	vehicle	1
trouser	garment	1
trumpeter	entertainer	1
trumpeter	performer	1
tsunami	wave	1
tuberculosis	disease	1
tummy	tissue	1
tumor	illness	1
tumour	illness	1
turbine	engine	1
turkey	animal	1
turkey	bird	1
turnpike	gate	1
turquoise	crystal	1
turret	tower	1
tutor	teacher	1
twelve	integer	1
twenty	integer	1
tycoon	businessman	1
typhoon	phenomenon	1
typhoon	storm	1
typography	occupation	1
tyrant	ruler	1
ultimatum	request	1
underside	boundary	1
underwear	clothing	1
uprising	conflict	1
uterus	organ	1
value	idea	1
vandalism	mischief	1
vegan	eater	1
veil	garment	1
velocity	rate	1
velvet	fabric	1
vertebrate	animal	1
vertex	point	1
vi	digit	1
vial	container	1
vicar	clergyman	1
vicar	leader	1
vicar	priest	1
vicarage	building	1
vicarage	dwelling	1
vicinity	area	1
victimisation	practice	1
vintage	beverage	1
vintage	liquid	1
violinist	entertainer	1
virus	microorganism	1
visualisation	representation	1
vocalist	performer	1
vodka	alcohol	1
voice	sound	1
vole	animal	1
vole	rodent	1
vole	vertebrate	1
volleyball	game	1
volleyball	sport	1
vulture	vertebrate	1
wader	bird	1
wader	vertebrate	1
wage	payment	1
waiter	employee	1
waitress	employee	1
waitress	waiter	1
waitress	worker	1
walnut	nut	1
walnut	seed	1
warbler	entertainer	1
warbler	performer	1
warbler	singer	1
warrant	document	1
warship	vehicle	1
washer	worker	1
waterfowl	animal	1
weakening	transformation	1
weapon	instrument	1
webcam	camera	1
wheat	cereal	1
whiskey	drug	1
whiskey	fluid	1
whiskey	liquid	1
whiskey	liquor	1
whisky	beverage	1
whisky	fluid	1
wife	spouse	1
windfall	fruit	1
wine	alcohol	1
wine	fluid	1
winger	athlete	1
winner	contestant	1
wolf	carnivore	1
wolf	vertebrate	1
woman	adult	1
woodpecker	animal	1
woodpecker	bird	1
workbook	publication	1
worm	invertebrate	1
wrath	emotion	1
writer	communicator	1
yearning	feeling	1
yellow	color	1
yesterday	day	1
yoghurt	food	1
zeal	feeling	1
zebra	animal	1
